anime	anime	33business	business	40CFB	CFB	198worldpolitics	worldpolitics	25GrandTheftAutoV	GrandTheftAutoV	2TumblrInAction	TumblrInAction	6apple	apple	654battlefield_4	battlefield_4	8subaru	subaru	4AngieVaronaLegal	AngieVaronaLegal	1Jeep	Jeep	1houston	houston	15GTAV	GTAV	18AskHistorians	AskHistorians	152shortscarystories	shortscarystories	4runescape	runescape	67dogemarket	dogemarket	4soccer	soccer	12motorcycles	motorcycles	71OutOfTheLoop	OutOfTheLoop	59Physics	Physics	1crafts	crafts	4cordcutters	cordcutters	7Scotch	Scotch	2againstmensrights	againstmensrights	2theydidthemath	theydidthemath	8photography	photography	29cigars	cigars	94cosplay	cosplay	2changemyview	changemyview	61announcements	announcements	14ketorecipes	ketorecipes	2FIFA	FIFA	11Filmmakers	Filmmakers	52Anarcho_Capitalism	Anarcho_Capitalism	3toronto	toronto	11Drugs	Drugs	178gardening	gardening	122Paleo	Paleo	1classicalmusic	classicalmusic	1FanTheories	FanTheories	74WeAreTheMusicMakers	WeAreTheMusicMakers	11ForeverAlone	ForeverAlone	3GirlGamers	GirlGamers	1PoliticalHumor	PoliticalHumor	2linux	linux	73KerbalSpaceProgram	KerbalSpaceProgram	1WildStar	WildStar	2Cyberpunk	Cyberpunk	5Fitness	Fitness	192Scotland	Scotland	7xboxone	xboxone	42CrusaderKings	CrusaderKings	22007scape	2007scape	20GlobalOffensive	GlobalOffensive	2books	books	1TrueDetective	TrueDetective	353yugioh	yugioh	3geek	geek	38ClashOfClans	ClashOfClans	3sex	sex	190gaymers	gaymers	29Borderlands2	Borderlands2	1seinfeld	seinfeld	1progun	progun	1TagPro	TagPro	10mylittlepony	mylittlepony	1CollegeBasketball	CollegeBasketball	9IAmA	IAmA	13gaybros	gaybros	4AnimalCrossing	AnimalCrossing	1sports	sports	21snowboarding	snowboarding	6dogecoin	dogecoin	1071reddCoin	reddCoin	2batman	batman	5syriancivilwar	syriancivilwar	2twitchplayspokemon	twitchplayspokemon	10AmericanHorrorStory	AmericanHorrorStory	2TalesFromRetail	TalesFromRetail	9Austin	Austin	63cars	cars	42paradoxplaza	paradoxplaza	14startrek	startrek	56investing	investing	3offbeat	offbeat	27ProgrammerHumor	ProgrammerHumor	1secretsanta	secretsanta	15HouseOfCards	HouseOfCards	874boardgames	boardgames	61Hunting	Hunting	2india	india	601malefashionadvice	malefashionadvice	16parrots	parrots	10drunk	drunk	62fatpeoplestories	fatpeoplestories	8smashbros	smashbros	420classic4chan	classic4chan	8popping	popping	1lifehacks	lifehacks	23GetMotivated	GetMotivated	28ainbow	ainbow	25socialism	socialism	7exmormon	exmormon	56totalwar	totalwar	15uglyduckling	uglyduckling	8OkCupid	OkCupid	124skiing	skiing	6Autos	Autos	3BabyBumps	BabyBumps	104kpop	kpop	1Libertarian	Libertarian	40gamedev	gamedev	13chicago	chicago	21vita	vita	23trailerparkboys	trailerparkboys	2DCcomics	DCcomics	142legaladvice	legaladvice	2Military	Military	1Dachshund	Dachshund	2movies	movies	1MapPorn	MapPorn	2shorthairedhotties	shorthairedhotties	8skeptic	skeptic	15dataisbeautiful	dataisbeautiful	351community	r	5furry	furry	6bjj	bjj	56pettyrevenge	pettyrevenge	23fatlogic	fatlogic	53dbz	dbz	1Marvel	Marvel	12iphone	iphone	190raspberry_pi	raspberry_pi	3running	running	126trees	trees	9montageparodies	montageparodies	71sewing	sewing	5Cooking	Cooking	456behindthegifs	behindthegifs	7ArcherFX	ArcherFX	5TopGear	TopGear	19seduction	seduction	6woodworking	woodworking	1windowsphone	windowsphone	32no_sob_story	no_sob_story	1southpark	southpark	10onetruegod	onetruegod	280elderscrollsonline	elderscrollsonline	16playrust	playrust	7rpg	rpg	6airsoft	airsoft	84wow	wow	18femalefashionadvice	femalefashionadvice	2AndroidGaming	AndroidGaming	2britishproblems	britishproblems	112boston	boston	1Conservative	Conservative	1spaceporn	spaceporn	1Sherlock	Sherlock	12IWantToLearn	IWantToLearn	2offmychest	offmychest	38MLS	MLS	11dayz	dayz	137learnprogramming	learnprogramming	6Punny	Punny	2Braveryjerk	Braveryjerk	29EatCheapAndHealthy	EatCheapAndHealthy	5dogemining	dogemining	2reddevils	reddevils	19thelastofus	thelastofus	3FancyFollicles	FancyFollicles	3relationship_advice	relationship_advice	13LosAngeles	LosAngeles	15EDC	EDC	82That70sshow	That70sshow	14buildapc	buildapc	11300004000hcfactions	hcfactions	1firstworldproblems	firstworldproblems	12depression	depression	19rage	rage	1tomhiddleston	tomhiddleston	1zelda	zelda	9Eve	Eve	15Supernatural	Supernatural	1titanfall	titanfall	177notinteresting	notinteresting	20thewalkingdead	thewalkingdead	14keto	keto	62coys	coys	1asoiaf	asoiaf	305lego	lego	17lgbt	lgbt	128NetflixBestOf	NetflixBestOf	108vertcoin	vertcoin	2slowcooking	slowcooking	17knitting	knitting	46civ	civ	142baseball	baseball	31daddit	daddit	2teenagers	teenagers	2whatisthisthing	whatisthisthing	1Coffee	Coffee	7explainlikeimfive	explainlikeimfive	1Pareidolia	Pareidolia	1PandR	PandR	20hcfactions	hcfactions	56dadjokes	dadjokes	22TheBluePill	TheBluePill	2Sneakers	Sneakers	15MensRights	MensRights	103chicagobulls	chicagobulls	1Rabbits	Rabbits	99texas	texas	10sysadmin	sysadmin	42nyc	nyc	29vegan	vegan	2loseit	loseit	1420Meditation	Meditation	6roosterteeth	roosterteeth	15Frugal_Jerk	Frugal_Jerk	3hiphopheads	hiphopheads	4pathofexile	pathofexile	1personalfinance	personalfinance	137wallpapers	wallpapers	4food	food	14FiftyFifty	FiftyFifty	2bestof	bestof	1pokemonzetaomicron	pokemonzetaomicron	3harrypotter	harrypotter	25oddlysatisfying	oddlysatisfying	1doge	doge	2Homebrewing	Homebrewing	26crochet	crochet	1gamecollecting	gamecollecting	2firefly	firefly	32TrueReddit	TrueReddit	7wicked_edge	wicked_edge	1dogs	dogs	36golf	golf	54MMA	MMA	55WarshipPorn	WarshipPorn	2community	community	1351fantasyfootball	fantasyfootball	118darksouls	darksouls	1099WritingPrompts	WritingPrompts	149web_design	web_design	4nextdoorasians	nextdoorasians	3sweden	sweden	1recipes	recipes	571Warhammer	Warhammer	1formula1	formula1	16tattoo	tattoo	5Psychonaut	Psychonaut	4NoFap	NoFap	69KillLaKill	KillLaKill	1DunderMifflin	DunderMifflin	6asmr	asmr	13pcgaming	pcgaming	8philadelphia	philadelphia	6Atlanta	Atlanta	32raisedbynarcissists	raisedbynarcissists	9Design	Design	20LetsNotMeet	LetsNotMeet	1london	london	12redditgetsdrawn	redditgetsdrawn	2electronic_cigarette	electronic_cigarette	3psychology	psychology	5badhistory	badhistory	23itookapicture	itookapicture	15math	math	50gif	gif	6aww	aww	1whowouldwin	whowouldwin	14amiugly	amiugly	6Guildwars2	Guildwars2	30wiiu	wiiu	389SquaredCircle	SquaredCircle	10aviation	aviation	4Volkswagen	Volkswagen	1CrazyIdeas	CrazyIdeas	396progresspics	progresspics	4pokemon	pokemon	12xxfitness	xxfitness	1entertainment	entertainment	4IASIP	IASIP	8RedditDayOf	RedditDayOf	4Feminism	Feminism	1Gunners	Gunners	101Terraria	Terraria	6atheismrebooted	atheismrebooted	1Bitcoin	Bitcoin	26UpliftingNews	UpliftingNews	12corgi	corgi	5TheLastAirbender	TheLastAirbender	7minimalism	minimalism	8truegaming	truegaming	138Warframe	Warframe	8talesfromtechsupport	talesfromtechsupport	22hockey	hockey	53Warthunder	Warthunder	1952weeksofcooking	52weeksofcooking	3AskScienceFiction	AskScienceFiction	2AlisonBrie	AlisonBrie	1Parenting	Parenting	19islam	islam	8Steam	Steam	32Cricket	Cricket	29oculus	oculus	19longboarding	longboarding	1Seattle	Seattle	3OldSchoolCool	OldSchoolCool	2TheSimpsons	TheSimpsons	1swtor	swtor	1steampunk	steampunk	2tf2	tf2	38shiba	shiba	1tall	tall	56masseffect	masseffect	5conspiracy	conspiracy	52ShitRedditSays	ShitRedditSays	47canada	canada	46LadyBoners	LadyBoners	1scifi	scifi	26Astronomy	Astronomy	3arresteddevelopment	arresteddevelopment	10quotes	quotes	12DIY	DIY	181tifu	tifu	73lewronggeneration	lewronggeneration	4PS4	PS4	48futurama	futurama	16olympics	olympics	232nba	nba	15mindcrack	mindcrack	6drums	drums	6confession	confession	6StarWars	StarWars	17LongDistance	LongDistance	1Frugal	Frugal	251travel	travel	3see	see	2shutupandtakemymoney	shutupandtakemymoney	5italy	italy	3howto	howto	10casualiama	casualiama	19soccercirclejerk	soccercirclejerk	8HIMYM	HIMYM	82halo	halo	9beer	beer	17showerbeer	showerbeer	3LiverpoolFC	LiverpoolFC	1HailCorporate	HailCorporate	4HITsWorthTurkingFor	HITsWorthTurkingFor	2gadgets	gadgets	46DoesAnybodyElse	DoesAnybodyElse	14Cynicalbrit	Cynicalbrit	1perfectloops	perfectloops	2freemasonry	freemasonry	4minecraftsuggestions	minecraftsuggestions	8Metal	Metal	3Anarchism	Anarchism	1ShinyPokemon	ShinyPokemon	1CODGhosts	CODGhosts	2NoStupidQuestions	NoStupidQuestions	28AskReddit	AskReddit	17nosleep	nosleep	757Fantasy	Fantasy	40melbourne	melbourne	2Naruto	Naruto	26comicbooks	comicbooks	29jailbreak	jailbreak	7975shittyaskscience	shittyaskscience	36ffxiv	ffxiv	10AskMen	AskMen	254TwoXChromosomes	TwoXChromosomes	244bicycling	bicycling	19drawing	drawing	1curlyhair	curlyhair	2feedthebeast	feedthebeast	1InternetIsBeautiful	InternetIsBeautiful	54actuallesbians	actuallesbians	19hearthstone	hearthstone	24newzealand	newzealand	1speedrun	speedrun	1Fishing	Fishing	1Music	Music	5unitedkingdom	unitedkingdom	123self	self	351leagueoflegends	leagueoflegends	15chemistry	chemistry	1Smite	Smite	638Random_Acts_Of_Amazon	Random_Acts_Of_Amazon	53sanfrancisco	sanfrancisco	14starbound	starbound	207Bad_Cop_No_Donut	Bad_Cop_No_Donut	18history	history	256Rateme	Rateme	5climbing	climbing	35bodybuilding	bodybuilding	15Yogscast	Yogscast	5MURICA	MURICA	25gameofthrones	gameofthrones	21writing	writing	39space	space	200tappedout	tappedout	1MeanJokes	MeanJokes	8TrueAtheism	TrueAtheism	30RandomActsofMakeup	RandomActsofMakeup	1SkincareAddiction	SkincareAddiction	21GunsAreCool	GunsAreCool	1skyrim	skyrim	483DS	3DS	5Cumberbitches	Cumberbitches	1vexillology	vexillology	13rugbyunion	rugbyunion	1ProtectAndServe	ProtectAndServe	1magicTCG	magicTCG	48EmmaWatson	EmmaWatson	1Christianity	Christianity	17creepyPMs	creepyPMs	1nononono	nononono	1Documentaries	Documentaries	1AnythingGoesNews	AnythingGoesNews	10upvotegifs	upvotegifs	1Planetside	Planetside	145childfree	childfree	73Bulldogs	Bulldogs	1TheRedPill	TheRedPill	101minnesotavikings	minnesotavikings	1CityPorn	CityPorn	1lotr	lotr	5Jokes	Jokes	417electronicmusic	electronicmusic	1Marijuana	Marijuana	3DotA2	DotA2	14Civcraft	Civcraft	2breakingbad	breakingbad	17relationships	relationships	14nintendo	nintendo	9circlejerk	circlejerk	162AntiJokes	AntiJokes	550ireland	ireland	10dwarffortress	dwarffortress	3Baking	Baking	8atheism	atheism	74paydaytheheist	paydaytheheist	2bourbon	bourbon	250Whatcouldgowrong	Whatcouldgowrong	5environment	environment	10MLPLounge	MLPLounge	5outside	outside	14ShittyLifeProTips	ShittyLifeProTips	1AskWomen	AskWomen	28DnD	DnD	2frugalmalefashion	frugalmalefashion	9Futurology	Futurology	55Guitar	Guitar	132Art	Art	42askscience	askscience	1happy	happy	2tipofmytongue	tipofmytongue	37Frozen	Frozen	16conspiratard	conspiratard	90gamegrumps	gamegrumps	5skateboarding	skateboarding	9PKA	PKA	8GameDeals	GameDeals	6Games	Games	16WhatsInThisThing	WhatsInThisThing	7CCW	CCW	20europe	europe	50SubredditDrama	SubredditDrama	19foodhacks	foodhacks	2rickandmorty	rickandmorty	13Seahawks	Seahawks	2Android	Android	7australia	australia	114adventuretime	adventuretime	12foxes	foxes	5YouShouldKnow	YouShouldKnow	71Romania	Romania	7creepy	creepy	32politics	politics	83amjokes	3amjokes	4JoeRogan	JoeRogan	19blog	blog	1guns	guns	24r4r	r4r	19NBA2k	NBA2k	8OnePiece	OnePiece	3Showerthoughts	Showerthoughts	105Battlefield	Battlefield	42vinyl	vinyl	4NASCAR	NASCAR	15kpics	kpics	1